﻿<?xml version="1.0" encoding="utf-8" standalone="no"?>
<manifest identifier="_5X7LTvi3Hpv" version="1.3" xmlns="http://www.imsglobal.org/xsd/imscp_v1p1" xmlns:adlcp="http://www.adlnet.org/xsd/adlcp_v1p3" xmlns:adlseq="http://www.adlnet.org/xsd/adlseq_v1p3" xmlns:adlnav="http://www.adlnet.org/xsd/adlnav_v1p3" xmlns:imsss="http://www.imsglobal.org/xsd/imsss" xmlns:xsi="http://www.w3.org/2001/XMLSchema-instance" xsi:schemaLocation="http://www.imsglobal.org/xsd/imscp_v1p1 imscp_v1p1.xsd
                        http://www.adlnet.org/xsd/adlcp_v1p3 adlcp_v1p3.xsd
                        http://www.adlnet.org/xsd/adlseq_v1p3 adlseq_v1p3.xsd
                        http://www.adlnet.org/xsd/adlnav_v1p3 adlnav_v1p3.xsd
                        http://www.imsglobal.org/xsd/imsss imsss_v1p0.xsd">
  <metadata>
    <schema>ADL SCORM</schema>
    <schemaversion>CAM 1.3</schemaversion>
    <adlcp:location>metadata.xml</adlcp:location>
  </metadata>
  <organizations default="Certificate_template_ORG">
    <organization identifier="Certificate_template_ORG" adlseq:objectivesGlobalToSystem="false">
      <title>Certificate template</title>
      <item identifier="Untitled1_SCO" identifierref="__5X7LTvi3Hpv_RES" isvisible="true">
        <title>Certificate template</title>
      </item>
      <metadata>
        <adlcp:location>metadata.xml</adlcp:location>
      </metadata>
      <imsss:sequencing>
        <imsss:controlMode choice="true" flow="true" />
        <imsss:deliveryControls tracked="true" completionSetByContent="false" objectiveSetByContent="false" />
      </imsss:sequencing>
    </organization>
  </organizations>
  <resources>
    <resource identifier="__5X7LTvi3Hpv_RES" type="webcontent" adlcp:scormType="sco" href="index_lms.html">
      <file href="story_content/thumbnail.jpg" />
      <file href="mobile/640eVICyMzf.jpg" />
      <file href="mobile/6GkdGyzBig6.png" />
      <file href="meta.xml" />
      <file href="story_content/user.js" />
      <file href="html5/data/css/output.min.css" />
      <file href="html5/data/js/63NEGfxaypm.js" />
      <file href="html5/data/js/6DcECuh3hCV.js" />
      <file href="html5/data/js/data.js" />
      <file href="html5/data/js/frame.js" />
      <file href="html5/data/js/paths.js" />
      <file href="html5/lib/hls/hls.min.js" />
      <file href="html5/lib/scripts/bootstrapper.min.js" />
      <file href="html5/lib/scripts/frame.desktop.min.js" />
      <file href="html5/lib/scripts/frame.mobile.min.js" />
      <file href="html5/lib/scripts/slides.min.js" />
      <file href="html5/lib/stylesheets/desktop.min.css" />
      <file href="html5/lib/stylesheets/mobile.min.css" />
      <file href="html5/lib/stylesheets/mobile-fonts/open-sans-bold.woff" />
      <file href="html5/lib/stylesheets/mobile-fonts/open-sans-light.woff" />
      <file href="html5/lib/stylesheets/mobile-fonts/open-sans-regular.woff" />
      <file href="analytics-frame.html" />
      <file href="story.html" />
      <file href="index_lms.html" />
      <file href="lms/AICCComm.html" />
      <file href="lms/blank.html" />
      <file href="lms/browsersniff.js" />
      <file href="lms/goodbye.html" />
      <file href="lms/scormdriver.js" />
    </resource>
  </resources>
</manifest>